{
    "models": [
        ""
    ],
    "inputs": {
        "i2c": {
            "type": "i2c",
            "args": {
                "address": 29
            }
        }
    },
    "outputs": {
        "an-0": {
            "type": "adc"
        },
        "an-1": {
            "type": "adc"
        },
        "an-2": {
            "type": "adc"
        },
        "an-3": {
            "type": "adc"
        },
        "an-4": {
            "type": "adc"
        },
        "an-5": {
            "type": "adc"
        },
        "an-6": {
            "type": "adc"
        },
        "an-7": {
            "type": "adc"
        }
    }
}